t,count,max,mean,min,stddev,p50,p75,p95,p98,p99,p999,mean_rate,m1_rate,m5_rate,m15_rate,rate_unit,duration_unit
1421312233,610,0.149651,0.003178,0.000481,0.006453,0.002406,0.003849,0.005774,0.008556,0.016630,0.149651,108.666660,122.000000,122.000000,122.000000,calls/second,milliseconds
1421312237,610,0.149651,0.003178,0.000481,0.006453,0.002406,0.003849,0.005774,0.008556,0.016630,0.149651,64.364753,122.000000,122.000000,122.000000,calls/second,milliseconds
