t,count,max,mean,min,stddev,p50,p75,p95,p98,p99,p999,mean_rate,m1_rate,m5_rate,m15_rate,rate_unit,duration_unit
1421312233,16,7.361786,1.095318,0.438849,1.684084,0.641191,0.848827,7.361786,7.361786,7.361786,7.361786,2.916494,3.200000,3.200000,3.200000,calls/second,milliseconds
1421312237,16,7.361786,1.095318,0.438849,1.684084,0.641191,0.848827,7.361786,7.361786,7.361786,7.361786,1.714448,3.200000,3.200000,3.200000,calls/second,milliseconds
