t,count,max,mean,min,stddev,p50,p75,p95,p98,p99,p999,mean_rate,m1_rate,m5_rate,m15_rate,rate_unit,duration_unit
1421312233,263,0.074104,0.005399,0.000962,0.006310,0.004812,0.005774,0.007218,0.011279,0.042961,0.074104,160.498510,0.000000,0.000000,0.000000,calls/second,milliseconds
1421312237,263,0.074104,0.005399,0.000962,0.006310,0.004812,0.005774,0.007218,0.011279,0.042961,0.074104,47.527724,52.600000,52.600000,52.600000,calls/second,milliseconds
