t,count,max,mean,min,stddev,p50,p75,p95,p98,p99,p999,mean_rate,m1_rate,m5_rate,m15_rate,rate_unit,duration_unit
1421312233,610,4.984689,0.047362,0.000963,0.224650,0.029353,0.038495,0.062459,0.133830,0.387419,4.984689,109.240083,122.000000,122.000000,122.000000,calls/second,milliseconds
1421312237,610,4.984689,0.047362,0.000963,0.224650,0.029353,0.038495,0.062459,0.133830,0.387419,4.984689,64.444301,122.000000,122.000000,122.000000,calls/second,milliseconds
