t,count,max,mean,min,stddev,p50,p75,p95,p98,p99,p999,mean_rate,m1_rate,m5_rate,m15_rate,rate_unit,duration_unit
1421312233,2882,0.147726,0.001519,0.000481,0.004727,0.000962,0.001925,0.003368,0.004330,0.005293,0.143902,595.225455,0.000000,0.000000,0.000000,calls/second,milliseconds
1421312237,2882,0.147726,0.001519,0.000481,0.004727,0.000962,0.001925,0.003368,0.004330,0.005293,0.143902,331.239576,576.400000,576.400000,576.400000,calls/second,milliseconds
