t,count,max,mean,min,stddev,p50,p75,p95,p98,p99,p999,mean_rate,m1_rate,m5_rate,m15_rate,rate_unit,duration_unit
1421312233,610,2.936246,0.150230,0.031759,0.237435,0.105141,0.163245,0.279284,0.809744,1.287319,2.936246,110.286368,122.000000,122.000000,122.000000,calls/second,milliseconds
1421312237,610,2.936246,0.150230,0.031759,0.237435,0.105141,0.163245,0.279284,0.809744,1.287319,2.936246,64.743578,122.000000,122.000000,122.000000,calls/second,milliseconds
