t,count,max,mean,min,stddev,p50,p75,p95,p98,p99,p999,mean_rate,m1_rate,m5_rate,m15_rate,rate_unit,duration_unit
1421312233,610,38.217388,0.396501,0.111637,1.571210,0.262973,0.371723,0.776141,1.439165,2.481888,38.217388,109.504906,122.000000,122.000000,122.000000,calls/second,milliseconds
1421312237,610,38.217388,0.396501,0.111637,1.571210,0.262973,0.371723,0.776141,1.439165,2.481888,38.217388,64.498510,122.000000,122.000000,122.000000,calls/second,milliseconds
