t,count,max,mean,min,stddev,p50,p75,p95,p98,p99,p999,mean_rate,m1_rate,m5_rate,m15_rate,rate_unit,duration_unit
1421312233,8,1.410379,0.378399,0.180448,0.418069,0.233619,0.274160,1.410379,1.410379,1.410379,1.410379,1.466695,1.600000,1.600000,1.600000,calls/second,milliseconds
1421312237,8,1.410379,0.378399,0.180448,0.418069,0.233619,0.274160,1.410379,1.410379,1.410379,1.410379,0.860200,1.600000,1.600000,1.600000,calls/second,milliseconds
