t,count,max,mean,min,stddev,p50,p75,p95,p98,p99,p999,mean_rate,m1_rate,m5_rate,m15_rate,rate_unit,duration_unit
1421312233,2882,0.389767,0.001884,0.000000,0.015642,0.000962,0.001924,0.002887,0.004331,0.006116,0.387618,592.418554,0.000000,0.000000,0.000000,calls/second,milliseconds
1421312237,2882,0.389767,0.001884,0.000000,0.015642,0.000962,0.001924,0.002887,0.004331,0.006116,0.387618,330.688459,576.400000,576.400000,576.400000,calls/second,milliseconds
