t,count,max,mean,min,stddev,p50,p75,p95,p98,p99,p999,mean_rate,m1_rate,m5_rate,m15_rate,rate_unit,duration_unit
1421312233,2882,2.852037,0.009239,0.001443,0.088921,0.004812,0.008662,0.012511,0.016360,0.021996,2.772007,593.372718,0.000000,0.000000,0.000000,calls/second,milliseconds
1421312237,2882,2.852037,0.009239,0.001443,0.088921,0.004812,0.008662,0.012511,0.016360,0.021996,2.772007,330.926812,576.400000,576.400000,576.400000,calls/second,milliseconds
