t,count,max,mean,min,stddev,p50,p75,p95,p98,p99,p999
1421312233,16,5,1.750000,0,1.612452,1.000000,2.750000,5.000000,5.000000,5.000000,5.000000
1421312237,16,5,1.750000,0,1.612452,1.000000,2.750000,5.000000,5.000000,5.000000,5.000000
